Af	ADJ	
Afcfp-n	ADJ	Definite=Ind|Degree=Cmp|Gender=Fem|Number=Plur
Afcfpoy	ADJ	Case=Dat,Gen|Definite=Def|Degree=Cmp|Gender=Fem|Number=Plur
Afcfpry	ADJ	Definite=Def|Degree=Cmp|Gender=Fem|Number=Plur
Afcfson	ADJ	Case=Dat,Gen|Definite=Ind|Degree=Cmp|Gender=Fem|Number=Sing
Afcfsoy	ADJ	Case=Dat,Gen|Definite=Def|Degree=Cmp|Gender=Fem|Number=Sing
Afcfsrn	ADJ	Definite=Ind|Degree=Cmp|Gender=Fem|Number=Sing
Afcfsry	ADJ	Definite=Def|Degree=Cmp|Gender=Fem|Number=Sing
Afcmp-n	ADJ	Definite=Ind|Degree=Cmp|Gender=Masc|Number=Plur
Afcmpoy	ADJ	Case=Dat,Gen|Definite=Def|Degree=Cmp|Gender=Masc|Number=Plur
Afcmpry	ADJ	Definite=Def|Degree=Cmp|Gender=Masc|Number=Plur
Afcms-n	ADJ	Definite=Ind|Degree=Cmp|Gender=Masc|Number=Sing
Afp	ADJ	Degree=Pos
Afpf--n	ADJ	Definite=Ind|Degree=Pos|Gender=Fem
Afpf--ny	ADJ	Definite=Ind|Degree=Pos|Gender=Fem|Variant=Short
Afpfp-n	ADJ	Definite=Ind|Degree=Pos|Gender=Fem|Number=Plur
Afpfp-ny	ADJ	Definite=Ind|Degree=Pos|Gender=Fem|Number=Plur|Variant=Short
Afpfpon	ADJ	Case=Dat,Gen|Definite=Ind|Degree=Pos|Gender=Fem|Number=Plur
Afpfpoy	ADJ	Case=Dat,Gen|Definite=Def|Degree=Pos|Gender=Fem|Number=Plur
Afpfpoyy	ADJ	Case=Dat,Gen|Definite=Def|Degree=Pos|Gender=Fem|Number=Plur|Variant=Short
Afpfpry	ADJ	Definite=Def|Degree=Pos|Gender=Fem|Number=Plur
Afpfpryy	ADJ	Definite=Def|Degree=Pos|Gender=Fem|Number=Plur|Variant=Short
Afpfson	ADJ	Case=Dat,Gen|Definite=Ind|Degree=Pos|Gender=Fem|Number=Sing
Afpfsony	ADJ	Case=Dat,Gen|Definite=Ind|Degree=Pos|Gender=Fem|Number=Sing|Variant=Short
Afpfsoy	ADJ	Case=Dat,Gen|Definite=Def|Degree=Pos|Gender=Fem|Number=Sing
Afpfsoyy	ADJ	Case=Dat,Gen|Definite=Def|Degree=Pos|Gender=Fem|Number=Sing|Variant=Short
Afpfsrn	ADJ	Definite=Ind|Degree=Pos|Gender=Fem|Number=Sing
Afpfsrny	ADJ	Definite=Ind|Degree=Pos|Gender=Fem|Number=Sing|Variant=Short
Afpfsry	ADJ	Definite=Def|Degree=Pos|Gender=Fem|Number=Sing
Afpfsryy	ADJ	Definite=Def|Degree=Pos|Gender=Fem|Number=Sing|Variant=Short
Afpfsvn	ADJ	Case=Voc|Definite=Ind|Degree=Pos|Gender=Fem|Number=Sing
Afpfsvy	ADJ	Case=Voc|Definite=Def|Degree=Pos|Gender=Fem|Number=Sing
Afpm--n	ADJ	Definite=Ind|Degree=Pos|Gender=Masc
Afpmp-n	ADJ	Definite=Ind|Degree=Pos|Gender=Masc|Number=Plur
Afpmp-ny	ADJ	Definite=Ind|Degree=Pos|Gender=Masc|Number=Plur|Variant=Short
Afpmpoy	ADJ	Case=Dat,Gen|Definite=Def|Degree=Pos|Gender=Masc|Number=Plur
Afpmpoyy	ADJ	Case=Dat,Gen|Definite=Def|Degree=Pos|Gender=Masc|Number=Plur|Variant=Short
Afpmpry	ADJ	Definite=Def|Degree=Pos|Gender=Masc|Number=Plur
Afpmpryy	ADJ	Definite=Def|Degree=Pos|Gender=Masc|Number=Plur|Variant=Short
Afpms-n	ADJ	Definite=Ind|Degree=Pos|Gender=Masc|Number=Sing
Afpms-ny	ADJ	Definite=Ind|Degree=Pos|Gender=Masc|Number=Sing|Variant=Short
Afpmsoy	ADJ	Case=Dat,Gen|Definite=Def|Degree=Pos|Gender=Masc|Number=Sing
Afpmsoyy	ADJ	Case=Dat,Gen|Definite=Def|Degree=Pos|Gender=Masc|Number=Sing|Variant=Short
Afpmsry	ADJ	Definite=Def|Degree=Pos|Gender=Masc|Number=Sing
Afpmsryy	ADJ	Definite=Def|Degree=Pos|Gender=Masc|Number=Sing|Variant=Short
Afpmsvn	ADJ	Case=Voc|Definite=Ind|Degree=Pos|Gender=Masc|Number=Sing
Afpmsvy	ADJ	Case=Voc|Definite=Def|Degree=Pos|Gender=Masc|Number=Sing
Afp-p-n	ADJ	Definite=Ind|Degree=Pos|Number=Plur
Afp-p-ny	ADJ	Definite=Ind|Degree=Pos|Number=Plur|Variant=Short
Afp-poy	ADJ	Case=Dat,Gen|Definite=Def|Degree=Pos|Number=Plur
Afs	ADJ	Degree=Sup
Afsfp-n	ADJ	Definite=Ind|Degree=Sup|Gender=Fem|Number=Plur
Afsfpoy	ADJ	Case=Dat,Gen|Definite=Def|Degree=Sup|Gender=Fem|Number=Plur
Afsfpry	ADJ	Definite=Def|Degree=Sup|Gender=Fem|Number=Plur
Afsfson	ADJ	Case=Dat,Gen|Definite=Ind|Degree=Sup|Gender=Fem|Number=Sing
Afsfsoy	ADJ	Case=Dat,Gen|Definite=Def|Degree=Sup|Gender=Fem|Number=Sing
Afsfsrn	ADJ	Definite=Ind|Degree=Sup|Gender=Fem|Number=Sing
Afsfsry	ADJ	Definite=Def|Degree=Sup|Gender=Fem|Number=Sing
Afsmp-n	ADJ	Definite=Ind|Degree=Sup|Gender=Masc|Number=Plur
Afsmpoy	ADJ	Case=Dat,Gen|Definite=Def|Degree=Sup|Gender=Masc|Number=Plur
Afsmpry	ADJ	Definite=Def|Degree=Sup|Gender=Masc|Number=Plur
Afsms-n	ADJ	Definite=Ind|Degree=Sup|Gender=Masc|Number=Sing
Afsmsoy	ADJ	Case=Dat,Gen|Definite=Def|Degree=Sup|Gender=Masc|Number=Sing
Afsmsry	ADJ	Definite=Def|Degree=Sup|Gender=Masc|Number=Sing
Afsmsvy	ADJ	Case=Voc|Definite=Def|Degree=Sup|Gender=Masc|Number=Sing
Cccsp	CONJ	Polarity=Pos
Ccssp	CONJ	Polarity=Pos
Ccsspy	CONJ	Polarity=Pos|Variant=Short
Crssp	CONJ	Polarity=Pos
Cscsp	SCONJ	Polarity=Pos
Csssp	SCONJ	Polarity=Pos
Cssspy	SCONJ	Polarity=Pos|Variant=Short
Dd3fpo	DET	Case=Dat,Gen|Gender=Fem|Number=Plur|Person=3|PronType=Dem
Dd3fpr	DET	Case=Acc,Nom|Gender=Fem|Number=Plur|Person=3|PronType=Dem
Dd3fpr---e	DET	Case=Acc,Nom|Gender=Fem|Number=Plur|Person=3|Position=Prenom|PronType=Dem
Dd3fpr---o	DET	Case=Acc,Nom|Gender=Fem|Number=Plur|Person=3|Position=Postnom|PronType=Dem
Dd3fpr--y	DET	Case=Acc,Nom|Gender=Fem|Number=Plur|Person=3|PronType=Dem|Variant=Short
Dd3fso	DET	Case=Dat,Gen|Gender=Fem|Number=Sing|Person=3|PronType=Dem
Dd3fso---e	DET	Case=Dat,Gen|Gender=Fem|Number=Sing|Person=3|Position=Prenom|PronType=Dem
Dd3fso---o	DET	Case=Dat,Gen|Gender=Fem|Number=Sing|Person=3|Position=Postnom|PronType=Dem
Dd3fsr	DET	Case=Acc,Nom|Gender=Fem|Number=Sing|Person=3|PronType=Dem
Dd3fsr---e	DET	Case=Acc,Nom|Gender=Fem|Number=Sing|Person=3|Position=Prenom|PronType=Dem
Dd3fsr---o	DET	Case=Acc,Nom|Gender=Fem|Number=Sing|Person=3|Position=Postnom|PronType=Dem
Dd3fsr--ye	DET	Case=Acc,Nom|Gender=Fem|Number=Sing|Person=3|Position=Prenom|PronType=Dem|Variant=Short
Dd3fsr--yo	DET	Case=Acc,Nom|Gender=Fem|Number=Sing|Person=3|Position=Postnom|PronType=Dem|Variant=Short
Dd3mpo	DET	Case=Dat,Gen|Gender=Masc|Number=Plur|Person=3|PronType=Dem
Dd3mpr	DET	Case=Acc,Nom|Gender=Masc|Number=Plur|Person=3|PronType=Dem
Dd3mpr---e	DET	Case=Acc,Nom|Gender=Masc|Number=Plur|Person=3|Position=Prenom|PronType=Dem
Dd3mpr---o	DET	Case=Acc,Nom|Gender=Masc|Number=Plur|Person=3|Position=Postnom|PronType=Dem
Dd3mpr--yo	DET	Case=Acc,Nom|Gender=Masc|Number=Plur|Person=3|Position=Postnom|PronType=Dem|Variant=Short
Dd3mso	DET	Case=Dat,Gen|Gender=Masc|Number=Sing|Person=3|PronType=Dem
Dd3mso---e	DET	Case=Dat,Gen|Gender=Masc|Number=Sing|Person=3|Position=Prenom|PronType=Dem
Dd3mso---o	DET	Case=Dat,Gen|Gender=Masc|Number=Sing|Person=3|Position=Postnom|PronType=Dem
Dd3msr	DET	Case=Acc,Nom|Gender=Masc|Number=Sing|Person=3|PronType=Dem
Dd3msr---e	DET	Case=Acc,Nom|Gender=Masc|Number=Sing|Person=3|Position=Prenom|PronType=Dem
Dd3msr---o	DET	Case=Acc,Nom|Gender=Masc|Number=Sing|Person=3|Position=Postnom|PronType=Dem
Dd3msr--yo	DET	Case=Acc,Nom|Gender=Masc|Number=Sing|Person=3|Position=Postnom|PronType=Dem|Variant=Short
Dd3-po---e	DET	Case=Dat,Gen|Number=Plur|Person=3|Position=Prenom|PronType=Dem
Dd3-po---o	DET	Case=Dat,Gen|Number=Plur|Person=3|Position=Postnom|PronType=Dem
Dh1fp	DET	Gender=Fem|Number=Plur|Person=1|PronType=Emp
Dh1fso	DET	Case=Dat,Gen|Gender=Fem|Number=Sing|Person=1|PronType=Emp
Dh1fsr	DET	Case=Acc,Nom|Gender=Fem|Number=Sing|Person=1|PronType=Emp
Dh1mp	DET	Gender=Masc|Number=Plur|Person=1|PronType=Emp
Dh1ms	DET	Gender=Masc|Number=Sing|Person=1|PronType=Emp
Dh2fp	DET	Gender=Fem|Number=Plur|Person=2|PronType=Emp
Dh2fso	DET	Case=Dat,Gen|Gender=Fem|Number=Sing|Person=2|PronType=Emp
Dh2fsr	DET	Case=Acc,Nom|Gender=Fem|Number=Sing|Person=2|PronType=Emp
Dh2mp	DET	Gender=Masc|Number=Plur|Person=2|PronType=Emp
Dh2ms	DET	Gender=Masc|Number=Sing|Person=2|PronType=Emp
Dh3fp	DET	Gender=Fem|Number=Plur|Person=3|PronType=Emp
Dh3fso	DET	Case=Dat,Gen|Gender=Fem|Number=Sing|Person=3|PronType=Emp
Dh3fsr	DET	Case=Acc,Nom|Gender=Fem|Number=Sing|Person=3|PronType=Emp
Dh3mp	DET	Gender=Masc|Number=Plur|Person=3|PronType=Emp
Dh3ms	DET	Gender=Masc|Number=Sing|Person=3|PronType=Emp
Di3	DET	Person=3|PronType=Ind
Di3------e	DET	Person=3|Position=Prenom|PronType=Ind
Di3fp	DET	Gender=Fem|Number=Plur|Person=3|PronType=Ind
Di3fpo	DET	Case=Dat,Gen|Gender=Fem|Number=Plur|Person=3|PronType=Ind
Di3fpr	DET	Case=Acc,Nom|Gender=Fem|Number=Plur|Person=3|PronType=Ind
Di3fpr---e	DET	Case=Acc,Nom|Gender=Fem|Number=Plur|Person=3|Position=Prenom|PronType=Ind
Di3fso	DET	Case=Dat,Gen|Gender=Fem|Number=Sing|Person=3|PronType=Ind
Di3fso---e	DET	Case=Dat,Gen|Gender=Fem|Number=Sing|Person=3|Position=Prenom|PronType=Ind
Di3fsr	DET	Case=Acc,Nom|Gender=Fem|Number=Sing|Person=3|PronType=Ind
Di3fsr---e	DET	Case=Acc,Nom|Gender=Fem|Number=Sing|Person=3|Position=Prenom|PronType=Ind
Di3mp	DET	Gender=Masc|Number=Plur|Person=3|PronType=Ind
Di3mpo	DET	Case=Dat,Gen|Gender=Masc|Number=Plur|Person=3|PronType=Ind
Di3mpr	DET	Case=Acc,Nom|Gender=Masc|Number=Plur|Person=3|PronType=Ind
Di3mpr---e	DET	Case=Acc,Nom|Gender=Masc|Number=Plur|Person=3|Position=Prenom|PronType=Ind
Di3ms	DET	Gender=Masc|Number=Sing|Person=3|PronType=Ind
Di3ms----e	DET	Gender=Masc|Number=Sing|Person=3|Position=Prenom|PronType=Ind
Di3mso---e	DET	Case=Dat,Gen|Gender=Masc|Number=Sing|Person=3|Position=Prenom|PronType=Ind
Di3msr	DET	Case=Acc,Nom|Gender=Masc|Number=Sing|Person=3|PronType=Ind
Di3msr---e	DET	Case=Acc,Nom|Gender=Masc|Number=Sing|Person=3|Position=Prenom|PronType=Ind
Di3msr--y	DET	Case=Acc,Nom|Gender=Masc|Number=Sing|Person=3|PronType=Ind|Variant=Short
Di3-po	DET	Case=Dat,Gen|Number=Plur|Person=3|PronType=Ind
Di3-po---e	DET	Case=Dat,Gen|Number=Plur|Person=3|Position=Prenom|PronType=Ind
Di3--r	DET	Case=Acc,Nom|Person=3|PronType=Ind
Di3--r---e	DET	Case=Acc,Nom|Person=3|Position=Prenom|PronType=Ind
Di3-s----e	DET	Number=Sing|Person=3|Position=Prenom|PronType=Ind
Di3-sr	DET	Case=Acc,Nom|Number=Sing|Person=3|PronType=Ind
Di3-sr---e	DET	Case=Acc,Nom|Number=Sing|Person=3|Position=Prenom|PronType=Ind
Di3-sr--y	DET	Case=Acc,Nom|Number=Sing|Person=3|PronType=Ind|Variant=Short
Di3-----y	DET	Person=3|PronType=Ind|Variant=Short
Ds1fp-p	DET	Gender=Fem|Number[psor]=Plur|Number=Plur|Person=1|Poss=Yes|PronType=Prs
Ds1fp-s	DET	Gender=Fem|Number[psor]=Sing|Number=Plur|Person=1|Poss=Yes|PronType=Prs
Ds1fsop	DET	Case=Dat,Gen|Gender=Fem|Number[psor]=Plur|Number=Sing|Person=1|Poss=Yes|PronType=Prs
Ds1fsos	DET	Case=Dat,Gen|Gender=Fem|Number[psor]=Sing|Number=Sing|Person=1|Poss=Yes|PronType=Prs
Ds1fsos-y	DET	Case=Dat,Gen|Gender=Fem|Number[psor]=Sing|Number=Sing|Person=1|Poss=Yes|PronType=Prs|Variant=Short
Ds1fsrp	DET	Case=Acc,Nom|Gender=Fem|Number[psor]=Plur|Number=Sing|Person=1|Poss=Yes|PronType=Prs
Ds1fsrs	DET	Case=Acc,Nom|Gender=Fem|Number[psor]=Sing|Number=Sing|Person=1|Poss=Yes|PronType=Prs
Ds1fsrs-y	DET	Case=Acc,Nom|Gender=Fem|Number[psor]=Sing|Number=Sing|Person=1|Poss=Yes|PronType=Prs|Variant=Short
Ds1mp-p	DET	Gender=Masc|Number[psor]=Plur|Number=Plur|Person=1|Poss=Yes|PronType=Prs
Ds1mp-s	DET	Gender=Masc|Number[psor]=Sing|Number=Plur|Person=1|Poss=Yes|PronType=Prs
Ds1ms-p	DET	Gender=Masc|Number[psor]=Plur|Number=Sing|Person=1|Poss=Yes|PronType=Prs
Ds1msrs-y	DET	Case=Acc,Nom|Gender=Masc|Number[psor]=Sing|Number=Sing|Person=1|Poss=Yes|PronType=Prs|Variant=Short
Ds1ms-s	DET	Gender=Masc|Number[psor]=Sing|Number=Sing|Person=1|Poss=Yes|PronType=Prs
Ds2fp-p	DET	Gender=Fem|Number[psor]=Plur|Number=Plur|Person=2|Poss=Yes|PronType=Prs
Ds2fp-s	DET	Gender=Fem|Number[psor]=Sing|Number=Plur|Person=2|Poss=Yes|PronType=Prs
Ds2fsop	DET	Case=Dat,Gen|Gender=Fem|Number[psor]=Plur|Number=Sing|Person=2|Poss=Yes|PronType=Prs
Ds2fsos	DET	Case=Dat,Gen|Gender=Fem|Number[psor]=Sing|Number=Sing|Person=2|Poss=Yes|PronType=Prs
Ds2fsos-y	DET	Case=Dat,Gen|Gender=Fem|Number[psor]=Sing|Number=Sing|Person=2|Poss=Yes|PronType=Prs|Variant=Short
Ds2fsrp	DET	Case=Acc,Nom|Gender=Fem|Number[psor]=Plur|Number=Sing|Person=2|Poss=Yes|PronType=Prs
Ds2fsrs	DET	Case=Acc,Nom|Gender=Fem|Number[psor]=Sing|Number=Sing|Person=2|Poss=Yes|PronType=Prs
Ds2fsrs-y	DET	Case=Acc,Nom|Gender=Fem|Number[psor]=Sing|Number=Sing|Person=2|Poss=Yes|PronType=Prs|Variant=Short
Ds2mp-p	DET	Gender=Masc|Number[psor]=Plur|Number=Plur|Person=2|Poss=Yes|PronType=Prs
Ds2mp-s	DET	Gender=Masc|Number[psor]=Sing|Number=Plur|Person=2|Poss=Yes|PronType=Prs
Ds2ms-p	DET	Gender=Masc|Number[psor]=Plur|Number=Sing|Person=2|Poss=Yes|PronType=Prs
Ds2msrs-y	DET	Case=Acc,Nom|Gender=Masc|Number[psor]=Sing|Number=Sing|Person=2|Poss=Yes|PronType=Prs|Variant=Short
Ds2ms-s	DET	Gender=Masc|Number[psor]=Sing|Number=Sing|Person=2|Poss=Yes|PronType=Prs
Ds2---s	DET	Number[psor]=Sing|Person=2|Poss=Yes|PronType=Prs
Ds3fp-s	DET	Gender=Fem|Number[psor]=Sing|Number=Plur|Person=3|Poss=Yes|PronType=Prs
Ds3fsos	DET	Case=Dat,Gen|Gender=Fem|Number[psor]=Sing|Number=Sing|Person=3|Poss=Yes|PronType=Prs
Ds3fsos-y	DET	Case=Dat,Gen|Gender=Fem|Number[psor]=Sing|Number=Sing|Person=3|Poss=Yes|PronType=Prs|Variant=Short
Ds3fsrs	DET	Case=Acc,Nom|Gender=Fem|Number[psor]=Sing|Number=Sing|Person=3|Poss=Yes|PronType=Prs
Ds3fsrs-y	DET	Case=Acc,Nom|Gender=Fem|Number[psor]=Sing|Number=Sing|Person=3|Poss=Yes|PronType=Prs|Variant=Short
Ds3mp-s	DET	Gender=Masc|Number[psor]=Sing|Number=Plur|Person=3|Poss=Yes|PronType=Prs
Ds3msrs-y	DET	Case=Acc,Nom|Gender=Masc|Number[psor]=Sing|Number=Sing|Person=3|Poss=Yes|PronType=Prs|Variant=Short
Ds3ms-s	DET	Gender=Masc|Number[psor]=Sing|Number=Sing|Person=3|Poss=Yes|PronType=Prs
Ds3---p	DET	Number[psor]=Plur|Person=3|Poss=Yes|PronType=Prs
Ds3---s	DET	Number[psor]=Sing|Person=3|Poss=Yes|PronType=Prs
Dw3fpr	DET	Case=Acc,Nom|Gender=Fem|Number=Plur|Person=3|PronType=Int,Rel
Dw3fso---e	DET	Case=Dat,Gen|Gender=Fem|Number=Sing|Person=3|Position=Prenom|PronType=Int,Rel
Dw3fsr	DET	Case=Acc,Nom|Gender=Fem|Number=Sing|Person=3|PronType=Int,Rel
Dw3mpr	DET	Case=Acc,Nom|Gender=Masc|Number=Plur|Person=3|PronType=Int,Rel
Dw3mso---e	DET	Case=Dat,Gen|Gender=Masc|Number=Sing|Person=3|Position=Prenom|PronType=Int,Rel
Dw3msr	DET	Case=Acc,Nom|Gender=Masc|Number=Sing|Person=3|PronType=Int,Rel
Dw3-po	DET	Case=Dat,Gen|Number=Plur|Person=3|PronType=Int,Rel
Dw3-po---e	DET	Case=Dat,Gen|Number=Plur|Person=3|Position=Prenom|PronType=Int,Rel
Dw3--r---e	DET	Case=Acc,Nom|Person=3|Position=Prenom|PronType=Int,Rel
Dz3fso---e	DET	Case=Dat,Gen|Gender=Fem|Number=Sing|Person=3|Position=Prenom|PronType=Neg
Dz3fsr---e	DET	Case=Acc,Nom|Gender=Fem|Number=Sing|Person=3|Position=Prenom|PronType=Neg
Dz3mpr---e	DET	Case=Acc,Nom|Gender=Masc|Number=Plur|Person=3|Position=Prenom|PronType=Neg
Dz3mso---e	DET	Case=Dat,Gen|Gender=Masc|Number=Sing|Person=3|Position=Prenom|PronType=Neg
Dz3msr---e	DET	Case=Acc,Nom|Gender=Masc|Number=Sing|Person=3|Position=Prenom|PronType=Neg
Dz3-po---e	DET	Case=Dat,Gen|Number=Plur|Person=3|Position=Prenom|PronType=Neg
I	INTJ	
Mc	NUM	NumType=Card
Mcfp-l	NUM	Gender=Fem|Number=Plur|NumForm=Word|NumType=Card
Mcfp-ln	NUM	Definite=Ind|Gender=Fem|Number=Plur|NumForm=Word|NumType=Card
Mcfpoly	NUM	Case=Dat,Gen|Definite=Def|Gender=Fem|Number=Plur|NumForm=Word|NumType=Card
Mcfprln	NUM	Case=Acc,Nom|Definite=Ind|Gender=Fem|Number=Plur|NumForm=Word|NumType=Card
Mcfprly	NUM	Case=Acc,Nom|Definite=Def|Gender=Fem|Number=Plur|NumForm=Word|NumType=Card
Mcfs-l	NUM	Gender=Fem|Number=Sing|NumForm=Word|NumType=Card
Mcfsoln	NUM	Case=Dat,Gen|Definite=Ind|Gender=Fem|Number=Sing|NumForm=Word|NumType=Card
Mcfsoly	NUM	Case=Dat,Gen|Definite=Def|Gender=Fem|Number=Sing|NumForm=Word|NumType=Card
Mcfsrln	NUM	Case=Acc,Nom|Definite=Ind|Gender=Fem|Number=Sing|NumForm=Word|NumType=Card
Mcfsrly	NUM	Case=Acc,Nom|Definite=Def|Gender=Fem|Number=Sing|NumForm=Word|NumType=Card
Mcmp-l	NUM	Gender=Masc|Number=Plur|NumForm=Word|NumType=Card
Mcms-ln	NUM	Definite=Ind|Gender=Masc|Number=Sing|NumForm=Word|NumType=Card
Mcmsoly	NUM	Case=Dat,Gen|Definite=Def|Gender=Masc|Number=Sing|NumForm=Word|NumType=Card
Mcmsrl	NUM	Case=Acc,Nom|Gender=Masc|Number=Sing|NumForm=Word|NumType=Card
Mcmsrly	NUM	Case=Acc,Nom|Definite=Def|Gender=Masc|Number=Sing|NumForm=Word|NumType=Card
Mc-p-l	NUM	Number=Plur|NumForm=Word|NumType=Card
Mffpoly	NUM	Case=Dat,Gen|Definite=Def|Gender=Fem|Number=Plur|NumForm=Word|NumType=Frac
Mffprln	NUM	Case=Acc,Nom|Definite=Ind|Gender=Fem|Number=Plur|NumForm=Word|NumType=Frac
Mffprly	NUM	Case=Acc,Nom|Definite=Def|Gender=Fem|Number=Plur|NumForm=Word|NumType=Frac
Mffsoln	NUM	Case=Dat,Gen|Definite=Ind|Gender=Fem|Number=Sing|NumForm=Word|NumType=Frac
Mffsoly	NUM	Case=Dat,Gen|Definite=Def|Gender=Fem|Number=Sing|NumForm=Word|NumType=Frac
Mffsrln	NUM	Case=Acc,Nom|Definite=Ind|Gender=Fem|Number=Sing|NumForm=Word|NumType=Frac
Mffsrly	NUM	Case=Acc,Nom|Definite=Def|Gender=Fem|Number=Sing|NumForm=Word|NumType=Frac
Mlfpo	DET	Case=Dat,Gen|Gender=Fem|Number=Plur|PronType=Tot
Mlfpr	DET	Case=Acc,Nom|Gender=Fem|Number=Plur|PronType=Tot
Mlmpo	DET	Case=Dat,Gen|Gender=Masc|Number=Plur|PronType=Tot
Mlmpr	DET	Case=Acc,Nom|Gender=Masc|Number=Plur|PronType=Tot
Ml-po	DET	Case=Dat,Gen|Number=Plur|PronType=Tot
Ml-pr	DET	Case=Acc,Nom|Number=Plur|PronType=Tot
Mmfp--n	NUM	Definite=Ind|Gender=Fem|Number=Plur|NumType=Mult
Mmfp--ny	NUM	Definite=Ind|Gender=Fem|Number=Plur|NumType=Mult|Variant=Short
Mmfpo-y	NUM	Case=Dat,Gen|Definite=Def|Gender=Fem|Number=Plur|NumType=Mult
Mmfpo-yy	NUM	Case=Dat,Gen|Definite=Def|Gender=Fem|Number=Plur|NumType=Mult|Variant=Short
Mmfpr-y	NUM	Case=Acc,Nom|Definite=Def|Gender=Fem|Number=Plur|NumType=Mult
Mmfpr-yy	NUM	Case=Acc,Nom|Definite=Def|Gender=Fem|Number=Plur|NumType=Mult|Variant=Short
Mmfso-n	NUM	Case=Dat,Gen|Definite=Ind|Gender=Fem|Number=Sing|NumType=Mult
Mmfso-ny	NUM	Case=Dat,Gen|Definite=Ind|Gender=Fem|Number=Sing|NumType=Mult|Variant=Short
Mmfso-y	NUM	Case=Dat,Gen|Definite=Def|Gender=Fem|Number=Sing|NumType=Mult
Mmfso-yy	NUM	Case=Dat,Gen|Definite=Def|Gender=Fem|Number=Sing|NumType=Mult|Variant=Short
Mmfsr-n	NUM	Case=Acc,Nom|Definite=Ind|Gender=Fem|Number=Sing|NumType=Mult
Mmfsr-ny	NUM	Case=Acc,Nom|Definite=Ind|Gender=Fem|Number=Sing|NumType=Mult|Variant=Short
Mmfsr-y	NUM	Case=Acc,Nom|Definite=Def|Gender=Fem|Number=Sing|NumType=Mult
Mmfsr-yy	NUM	Case=Acc,Nom|Definite=Def|Gender=Fem|Number=Sing|NumType=Mult|Variant=Short
Mmmpo-y	NUM	Case=Dat,Gen|Definite=Def|Gender=Masc|Number=Plur|NumType=Mult
Mmmpo-yy	NUM	Case=Dat,Gen|Definite=Def|Gender=Masc|Number=Plur|NumType=Mult|Variant=Short
Mmmpr-n	NUM	Case=Acc,Nom|Definite=Ind|Gender=Masc|Number=Plur|NumType=Mult
Mmmpr-ny	NUM	Case=Acc,Nom|Definite=Ind|Gender=Masc|Number=Plur|NumType=Mult|Variant=Short
Mmmpr-y	NUM	Case=Acc,Nom|Definite=Def|Gender=Masc|Number=Plur|NumType=Mult
Mmmpr-yy	NUM	Case=Acc,Nom|Definite=Def|Gender=Masc|Number=Plur|NumType=Mult|Variant=Short
Mmmso-y	NUM	Case=Dat,Gen|Definite=Def|Gender=Masc|Number=Sing|NumType=Mult
Mmmso-yy	NUM	Case=Dat,Gen|Definite=Def|Gender=Masc|Number=Sing|NumType=Mult|Variant=Short
Mmmsr-n	NUM	Case=Acc,Nom|Definite=Ind|Gender=Masc|Number=Sing|NumType=Mult
Mmmsr-ny	NUM	Case=Acc,Nom|Definite=Ind|Gender=Masc|Number=Sing|NumType=Mult|Variant=Short
Mmmsr-y	NUM	Case=Acc,Nom|Definite=Def|Gender=Masc|Number=Sing|NumType=Mult
Mmmsr-yy	NUM	Case=Acc,Nom|Definite=Def|Gender=Masc|Number=Sing|NumType=Mult|Variant=Short
Mofp-ln	ADJ	Definite=Ind|Gender=Fem|Number=Plur|NumForm=Word|NumType=Ord
Mofpoly	ADJ	Case=Dat,Gen|Definite=Def|Gender=Fem|Number=Plur|NumForm=Word|NumType=Ord
Mofpolyy	ADJ	Case=Dat,Gen|Definite=Def|Gender=Fem|Number=Plur|NumForm=Word|NumType=Ord|Variant=Short
Mofprly	ADJ	Case=Acc,Nom|Definite=Def|Gender=Fem|Number=Plur|NumForm=Word|NumType=Ord
Mofprlyy	ADJ	Case=Acc,Nom|Definite=Def|Gender=Fem|Number=Plur|NumForm=Word|NumType=Ord|Variant=Short
Mofs-l	ADJ	Gender=Fem|Number=Sing|NumForm=Word|NumType=Ord
Mofsoln	ADJ	Case=Dat,Gen|Definite=Ind|Gender=Fem|Number=Sing|NumForm=Word|NumType=Ord
Mofsoly	ADJ	Case=Dat,Gen|Definite=Def|Gender=Fem|Number=Sing|NumForm=Word|NumType=Ord
Mofsolyy	ADJ	Case=Dat,Gen|Definite=Def|Gender=Fem|Number=Sing|NumForm=Word|NumType=Ord|Variant=Short
Mofsrln	ADJ	Case=Acc,Nom|Definite=Ind|Gender=Fem|Number=Sing|NumForm=Word|NumType=Ord
Mofsrly	ADJ	Case=Acc,Nom|Definite=Def|Gender=Fem|Number=Sing|NumForm=Word|NumType=Ord
Mofsrlyy	ADJ	Case=Acc,Nom|Definite=Def|Gender=Fem|Number=Sing|NumForm=Word|NumType=Ord|Variant=Short
Mo---l	ADJ	NumForm=Word|NumType=Ord
Mo---ln	ADJ	Definite=Ind|NumForm=Word|NumType=Ord
Mo---lny	ADJ	Definite=Ind|NumForm=Word|NumType=Ord|Variant=Short
Momp-ln	ADJ	Definite=Ind|Gender=Masc|Number=Plur|NumForm=Word|NumType=Ord
Mompoly	ADJ	Case=Dat,Gen|Definite=Def|Gender=Masc|Number=Plur|NumForm=Word|NumType=Ord
Mompolyy	ADJ	Case=Dat,Gen|Definite=Def|Gender=Masc|Number=Plur|NumForm=Word|NumType=Ord|Variant=Short
Momprly	ADJ	Case=Acc,Nom|Definite=Def|Gender=Masc|Number=Plur|NumForm=Word|NumType=Ord
Momprlyy	ADJ	Case=Acc,Nom|Definite=Def|Gender=Masc|Number=Plur|NumForm=Word|NumType=Ord|Variant=Short
Moms-l	ADJ	Gender=Masc|Number=Sing|NumForm=Word|NumType=Ord
Moms-ln	ADJ	Definite=Ind|Gender=Masc|Number=Sing|NumForm=Word|NumType=Ord
Momsoly	ADJ	Case=Dat,Gen|Definite=Def|Gender=Masc|Number=Sing|NumForm=Word|NumType=Ord
Momsolyy	ADJ	Case=Dat,Gen|Definite=Def|Gender=Masc|Number=Sing|NumForm=Word|NumType=Ord|Variant=Short
Momsrly	ADJ	Case=Acc,Nom|Definite=Def|Gender=Masc|Number=Sing|NumForm=Word|NumType=Ord
Momsrlyy	ADJ	Case=Acc,Nom|Definite=Def|Gender=Masc|Number=Sing|NumForm=Word|NumType=Ord|Variant=Short
Mo-s-r	ADJ	Number=Sing|NumForm=Roman|NumType=Ord
Nc	NOUN	
Ncf--n	NOUN	Definite=Ind|Gender=Fem
Ncf--ny	NOUN	Definite=Ind|Gender=Fem|Variant=Short
Ncfp-n	NOUN	Definite=Ind|Gender=Fem|Number=Plur
Ncfp-ny	NOUN	Definite=Ind|Gender=Fem|Number=Plur|Variant=Short
Ncfpoy	NOUN	Case=Dat,Gen|Definite=Def|Gender=Fem|Number=Plur
Ncfpoyy	NOUN	Case=Dat,Gen|Definite=Def|Gender=Fem|Number=Plur|Variant=Short
Ncfpry	NOUN	Case=Acc,Nom|Definite=Def|Gender=Fem|Number=Plur
Ncfpryy	NOUN	Case=Acc,Nom|Definite=Def|Gender=Fem|Number=Plur|Variant=Short
Ncfpvy	NOUN	Case=Voc|Definite=Def|Gender=Fem|Number=Plur
Ncfs-n	NOUN	Definite=Ind|Gender=Fem|Number=Sing
Ncfson	NOUN	Case=Dat,Gen|Definite=Ind|Gender=Fem|Number=Sing
Ncfsony	NOUN	Case=Dat,Gen|Definite=Ind|Gender=Fem|Number=Sing|Variant=Short
Ncfsoy	NOUN	Case=Dat,Gen|Definite=Def|Gender=Fem|Number=Sing
Ncfsoyy	NOUN	Case=Dat,Gen|Definite=Def|Gender=Fem|Number=Sing|Variant=Short
Ncfsrn	NOUN	Case=Acc,Nom|Definite=Ind|Gender=Fem|Number=Sing
Ncfsrny	NOUN	Case=Acc,Nom|Definite=Ind|Gender=Fem|Number=Sing|Variant=Short
Ncfsry	NOUN	Case=Acc,Nom|Definite=Def|Gender=Fem|Number=Sing
Ncfsryy	NOUN	Case=Acc,Nom|Definite=Def|Gender=Fem|Number=Sing|Variant=Short
Ncfsvy	NOUN	Case=Voc|Definite=Def|Gender=Fem|Number=Sing
Ncm	NOUN	Gender=Masc
Ncm--n	NOUN	Definite=Ind|Gender=Masc
Ncmp-n	NOUN	Definite=Ind|Gender=Masc|Number=Plur
Ncmp-ny	NOUN	Definite=Ind|Gender=Masc|Number=Plur|Variant=Short
Ncmpoy	NOUN	Case=Dat,Gen|Definite=Def|Gender=Masc|Number=Plur
Ncmpoyy	NOUN	Case=Dat,Gen|Definite=Def|Gender=Masc|Number=Plur|Variant=Short
Ncmpry	NOUN	Case=Acc,Nom|Definite=Def|Gender=Masc|Number=Plur
Ncmpryy	NOUN	Case=Acc,Nom|Definite=Def|Gender=Masc|Number=Plur|Variant=Short
Ncmpvy	NOUN	Case=Voc|Definite=Def|Gender=Masc|Number=Plur
Ncms-n	NOUN	Definite=Ind|Gender=Masc|Number=Sing
Ncms-ny	NOUN	Definite=Ind|Gender=Masc|Number=Sing|Variant=Short
Ncmsoy	NOUN	Case=Dat,Gen|Definite=Def|Gender=Masc|Number=Sing
Ncmsoyy	NOUN	Case=Dat,Gen|Definite=Def|Gender=Masc|Number=Sing|Variant=Short
Ncmsrn	NOUN	Case=Acc,Nom|Definite=Ind|Gender=Masc|Number=Sing
Ncmsry	NOUN	Case=Acc,Nom|Definite=Def|Gender=Masc|Number=Sing
Ncmsryy	NOUN	Case=Acc,Nom|Definite=Def|Gender=Masc|Number=Sing|Variant=Short
Ncmsvn	NOUN	Case=Voc|Definite=Ind|Gender=Masc|Number=Sing
Ncmsvny	NOUN	Case=Voc|Definite=Ind|Gender=Masc|Number=Sing|Variant=Short
Ncmsvy	NOUN	Case=Voc|Definite=Def|Gender=Masc|Number=Sing
Ncms-y	NOUN	Definite=Def|Gender=Masc|Number=Sing
Nc---n	NOUN	Definite=Ind
Nc-s-ny	NOUN	Definite=Ind|Number=Sing|Variant=Short
Np	PROPN	
Npfp-n	PROPN	Definite=Ind|Gender=Fem|Number=Plur
Npfpoy	PROPN	Case=Dat,Gen|Definite=Def|Gender=Fem|Number=Plur
Npfpry	PROPN	Case=Acc,Nom|Definite=Def|Gender=Fem|Number=Plur
Npfson	PROPN	Case=Dat,Gen|Definite=Ind|Gender=Fem|Number=Sing
Npfsoy	PROPN	Case=Dat,Gen|Definite=Def|Gender=Fem|Number=Sing
Npfsrn	PROPN	Case=Acc,Nom|Definite=Ind|Gender=Fem|Number=Sing
Npfsry	PROPN	Case=Acc,Nom|Definite=Def|Gender=Fem|Number=Sing
Npfsvy	PROPN	Case=Voc|Definite=Def|Gender=Fem|Number=Sing
Npmp-n	PROPN	Definite=Ind|Gender=Masc|Number=Plur
Npmpoy	PROPN	Case=Dat,Gen|Definite=Def|Gender=Masc|Number=Plur
Npmpry	PROPN	Case=Acc,Nom|Definite=Def|Gender=Masc|Number=Plur
Npms-n	PROPN	Definite=Ind|Gender=Masc|Number=Sing
Npmsoy	PROPN	Case=Dat,Gen|Definite=Def|Gender=Masc|Number=Sing
Npmsry	PROPN	Case=Acc,Nom|Definite=Def|Gender=Masc|Number=Sing
Npmsvn	PROPN	Case=Voc|Definite=Ind|Gender=Masc|Number=Sing
Npmsvy	PROPN	Case=Voc|Definite=Def|Gender=Masc|Number=Sing
Pd3fpo	PRON	Case=Dat,Gen|Gender=Fem|Number=Plur|Person=3|PronType=Dem
Pd3fpr	PRON	Case=Acc,Nom|Gender=Fem|Number=Plur|Person=3|PronType=Dem
Pd3fpr--y	PRON	Case=Acc,Nom|Gender=Fem|Number=Plur|Person=3|PronType=Dem|Variant=Short
Pd3fso	PRON	Case=Dat,Gen|Gender=Fem|Number=Sing|Person=3|PronType=Dem
Pd3fsr	PRON	Case=Acc,Nom|Gender=Fem|Number=Sing|Person=3|PronType=Dem
Pd3fsr--y	PRON	Case=Acc,Nom|Gender=Fem|Number=Sing|Person=3|PronType=Dem|Variant=Short
Pd3mpo	PRON	Case=Dat,Gen|Gender=Masc|Number=Plur|Person=3|PronType=Dem
Pd3mpr	PRON	Case=Acc,Nom|Gender=Masc|Number=Plur|Person=3|PronType=Dem
Pd3mpr--y	PRON	Case=Acc,Nom|Gender=Masc|Number=Plur|Person=3|PronType=Dem|Variant=Short
Pd3mso	PRON	Case=Dat,Gen|Gender=Masc|Number=Sing|Person=3|PronType=Dem
Pd3msr	PRON	Case=Acc,Nom|Gender=Masc|Number=Sing|Person=3|PronType=Dem
Pd3msr--y	PRON	Case=Acc,Nom|Gender=Masc|Number=Sing|Person=3|PronType=Dem|Variant=Short
Pd3-po	PRON	Case=Dat,Gen|Number=Plur|Person=3|PronType=Dem
Pi3	PRON	Person=3|PronType=Ind
Pi3fpo	PRON	Case=Dat,Gen|Gender=Fem|Number=Plur|Person=3|PronType=Ind
Pi3fpr	PRON	Case=Acc,Nom|Gender=Fem|Number=Plur|Person=3|PronType=Ind
Pi3fso	PRON	Case=Dat,Gen|Gender=Fem|Number=Sing|Person=3|PronType=Ind
Pi3fsr	PRON	Case=Acc,Nom|Gender=Fem|Number=Sing|Person=3|PronType=Ind
Pi3mpo	PRON	Case=Dat,Gen|Gender=Masc|Number=Plur|Person=3|PronType=Ind
Pi3mpr	PRON	Case=Acc,Nom|Gender=Masc|Number=Plur|Person=3|PronType=Ind
Pi3mso	PRON	Case=Dat,Gen|Gender=Masc|Number=Sing|Person=3|PronType=Ind
Pi3msr	PRON	Case=Acc,Nom|Gender=Masc|Number=Sing|Person=3|PronType=Ind
Pi3msr--y	PRON	Case=Acc,Nom|Gender=Masc|Number=Sing|Person=3|PronType=Ind|Variant=Short
Pi3-po	PRON	Case=Dat,Gen|Number=Plur|Person=3|PronType=Ind
Pi3-pr	PRON	Case=Acc,Nom|Number=Plur|Person=3|PronType=Ind
Pi3--r	PRON	Case=Acc,Nom|Person=3|PronType=Ind
Pi3-so	PRON	Case=Dat,Gen|Number=Sing|Person=3|PronType=Ind
Pi3-sr	PRON	Case=Acc,Nom|Number=Sing|Person=3|PronType=Ind
Pp1-pa--------w	PRON	Case=Acc|Number=Plur|Person=1|PronType=prs|Strength=Weak
Pp1-pa--y-----w	PRON	Case=Acc|Number=Plur|Person=1|PronType=prs|Strength=Weak|Variant=Short
Pp1-pd--------s	PRON	Case=Dat|Number=Plur|Person=1|PronType=prs|Strength=Strong
Pp1-pd--------w	PRON	Case=Dat|Number=Plur|Person=1|PronType=prs|Strength=Weak
Pp1-pd--y-----w	PRON	Case=Dat|Number=Plur|Person=1|PronType=prs|Strength=Weak|Variant=Short
Pp1-pr--------s	PRON	Case=Acc,Nom|Number=Plur|Person=1|PronType=prs|Strength=Strong
Pp1-sa--------s	PRON	Case=Acc|Number=Sing|Person=1|PronType=prs|Strength=Strong
Pp1-sa--------w	PRON	Case=Acc|Number=Sing|Person=1|PronType=prs|Strength=Weak
Pp1-sa--y-----w	PRON	Case=Acc|Number=Sing|Person=1|PronType=prs|Strength=Weak|Variant=Short
Pp1-sd--------s	PRON	Case=Dat|Number=Sing|Person=1|PronType=prs|Strength=Strong
Pp1-sd--------w	PRON	Case=Dat|Number=Sing|Person=1|PronType=prs|Strength=Weak
Pp1-sd--y-----w	PRON	Case=Dat|Number=Sing|Person=1|PronType=prs|Strength=Weak|Variant=Short
Pp1-sn--------s	PRON	Case=Nom|Number=Sing|Person=1|PronType=prs|Strength=Strong
Pp1-sr--------s	PRON	Case=Acc,Nom|Number=Sing|Person=1|PronType=prs|Strength=Strong
Pp2-pa--------w	PRON	Case=Acc|Number=Plur|Person=2|PronType=prs|Strength=Weak
Pp2-pa--y-----w	PRON	Case=Acc|Number=Plur|Person=2|PronType=prs|Strength=Weak|Variant=Short
Pp2-pd--------s	PRON	Case=Dat|Number=Plur|Person=2|PronType=prs|Strength=Strong
Pp2-pd--------w	PRON	Case=Dat|Number=Plur|Person=2|PronType=prs|Strength=Weak
Pp2-pd--y-----w	PRON	Case=Dat|Number=Plur|Person=2|PronType=prs|Strength=Weak|Variant=Short
Pp2-po--------s	PRON	Case=Dat,Gen|Number=Plur|Person=2|PronType=prs|Strength=Strong
Pp2-pr--------s	PRON	Case=Acc,Nom|Number=Plur|Person=2|PronType=prs|Strength=Strong
Pp2-----------s	PRON	Person=2|PronType=prs|Strength=Strong
Pp2-sa--------s	PRON	Case=Acc|Number=Sing|Person=2|PronType=prs|Strength=Strong
Pp2-sa--------w	PRON	Case=Acc|Number=Sing|Person=2|PronType=prs|Strength=Weak
Pp2-sa--y-----w	PRON	Case=Acc|Number=Sing|Person=2|PronType=prs|Strength=Weak|Variant=Short
Pp2-sd--------s	PRON	Case=Dat|Number=Sing|Person=2|PronType=prs|Strength=Strong
Pp2-sd--------w	PRON	Case=Dat|Number=Sing|Person=2|PronType=prs|Strength=Weak
Pp2-sd--y-----w	PRON	Case=Dat|Number=Sing|Person=2|PronType=prs|Strength=Weak|Variant=Short
Pp2-sn--------s	PRON	Case=Nom|Number=Sing|Person=2|PronType=prs|Strength=Strong
Pp2-so--------s	PRON	Case=Dat,Gen|Number=Sing|Person=2|PronType=prs|Strength=Strong
Pp2-sr--------s	PRON	Case=Acc,Nom|Number=Sing|Person=2|PronType=prs|Strength=Strong
Pp2-s---------s	PRON	Number=Sing|Person=2|PronType=prs|Strength=Strong
Pp3fpa--------w	PRON	Case=Acc|Gender=Fem|Number=Plur|Person=3|PronType=prs|Strength=Weak
Pp3fpa--y-----w	PRON	Case=Acc|Gender=Fem|Number=Plur|Person=3|PronType=prs|Strength=Weak|Variant=Short
Pp3fpo--------s	PRON	Case=Dat,Gen|Gender=Fem|Number=Plur|Person=3|PronType=prs|Strength=Strong
Pp3fpr--------s	PRON	Case=Acc,Nom|Gender=Fem|Number=Plur|Person=3|PronType=prs|Strength=Strong
Pp3fpr--y-----s	PRON	Case=Acc,Nom|Gender=Fem|Number=Plur|Person=3|PronType=prs|Strength=Strong|Variant=Short
Pp3fsa--------w	PRON	Case=Acc|Gender=Fem|Number=Sing|Person=3|PronType=prs|Strength=Weak
Pp3fsa--y-----w	PRON	Case=Acc|Gender=Fem|Number=Sing|Person=3|PronType=prs|Strength=Weak|Variant=Short
Pp3fso--------s	PRON	Case=Dat,Gen|Gender=Fem|Number=Sing|Person=3|PronType=prs|Strength=Strong
Pp3fsr--------s	PRON	Case=Acc,Nom|Gender=Fem|Number=Sing|Person=3|PronType=prs|Strength=Strong
Pp3fsr--y-----s	PRON	Case=Acc,Nom|Gender=Fem|Number=Sing|Person=3|PronType=prs|Strength=Strong|Variant=Short
Pp3fs---------s	PRON	Gender=Fem|Number=Sing|Person=3|PronType=prs|Strength=Strong
Pp3mpa--------w	PRON	Case=Acc|Gender=Masc|Number=Plur|Person=3|PronType=prs|Strength=Weak
Pp3mpa--y-----w	PRON	Case=Acc|Gender=Masc|Number=Plur|Person=3|PronType=prs|Strength=Weak|Variant=Short
Pp3mpo--------s	PRON	Case=Dat,Gen|Gender=Masc|Number=Plur|Person=3|PronType=prs|Strength=Strong
Pp3mpr--------s	PRON	Case=Acc,Nom|Gender=Masc|Number=Plur|Person=3|PronType=prs|Strength=Strong
Pp3mpr--y-----s	PRON	Case=Acc,Nom|Gender=Masc|Number=Plur|Person=3|PronType=prs|Strength=Strong|Variant=Short
Pp3msa--------w	PRON	Case=Acc|Gender=Masc|Number=Sing|Person=3|PronType=prs|Strength=Weak
Pp3msa--y-----w	PRON	Case=Acc|Gender=Masc|Number=Sing|Person=3|PronType=prs|Strength=Weak|Variant=Short
Pp3mso--------s	PRON	Case=Dat,Gen|Gender=Masc|Number=Sing|Person=3|PronType=prs|Strength=Strong
Pp3msr--------s	PRON	Case=Acc,Nom|Gender=Masc|Number=Sing|Person=3|PronType=prs|Strength=Strong
Pp3msr--y-----s	PRON	Case=Acc,Nom|Gender=Masc|Number=Sing|Person=3|PronType=prs|Strength=Strong|Variant=Short
Pp3ms---------s	PRON	Gender=Masc|Number=Sing|Person=3|PronType=prs|Strength=Strong
Pp3-pd--------w	PRON	Case=Dat|Number=Plur|Person=3|PronType=prs|Strength=Weak
Pp3-pd--y-----w	PRON	Case=Dat|Number=Plur|Person=3|PronType=prs|Strength=Weak|Variant=Short
Pp3-po--------s	PRON	Case=Dat,Gen|Number=Plur|Person=3|PronType=prs|Strength=Strong
Pp3-p---------s	PRON	Number=Plur|Person=3|PronType=prs|Strength=Strong
Pp3-sd--------w	PRON	Case=Dat|Number=Sing|Person=3|PronType=prs|Strength=Weak
Pp3-sd--y-----w	PRON	Case=Dat|Number=Sing|Person=3|PronType=prs|Strength=Weak|Variant=Short
Pp3-so--------s	PRON	Case=Dat,Gen|Number=Sing|Person=3|PronType=prs|Strength=Strong
Pp3-sr--------s	PRON	Case=Acc,Nom|Number=Sing|Person=3|PronType=prs|Strength=Strong
Ps1fp-p	PRON	Gender=Fem|Number[psor]=Plur|Number=Plur|Person=1|Poss=Yes
Ps1fp-s	PRON	Gender=Fem|Number[psor]=Sing|Number=Plur|Person=1|Poss=Yes
Ps1fsrp	PRON	Case=Acc,Nom|Gender=Fem|Number[psor]=Plur|Number=Sing|Person=1|Poss=Yes
Ps1fsrs	PRON	Case=Acc,Nom|Gender=Fem|Number[psor]=Sing|Number=Sing|Person=1|Poss=Yes
Ps1mp-p	PRON	Gender=Masc|Number[psor]=Plur|Number=Plur|Person=1|Poss=Yes
Ps1mp-s	PRON	Gender=Masc|Number[psor]=Sing|Number=Plur|Person=1|Poss=Yes
Ps1ms-p	PRON	Gender=Masc|Number[psor]=Plur|Number=Sing|Person=1|Poss=Yes
Ps1ms-s	PRON	Gender=Masc|Number[psor]=Sing|Number=Sing|Person=1|Poss=Yes
Ps2fp-p	PRON	Gender=Fem|Number[psor]=Plur|Number=Plur|Person=2|Poss=Yes
Ps2fp-s	PRON	Gender=Fem|Number[psor]=Sing|Number=Plur|Person=2|Poss=Yes
Ps2fsrp	PRON	Case=Acc,Nom|Gender=Fem|Number[psor]=Plur|Number=Sing|Person=2|Poss=Yes
Ps2fsrs	PRON	Case=Acc,Nom|Gender=Fem|Number[psor]=Sing|Number=Sing|Person=2|Poss=Yes
Ps2mp-p	PRON	Gender=Masc|Number[psor]=Plur|Number=Plur|Person=2|Poss=Yes
Ps2mp-s	PRON	Gender=Masc|Number[psor]=Sing|Number=Plur|Person=2|Poss=Yes
Ps2ms-p	PRON	Gender=Masc|Number[psor]=Plur|Number=Sing|Person=2|Poss=Yes
Ps2msrs-y	PRON	Case=Acc,Nom|Gender=Masc|Number[psor]=Sing|Number=Sing|Person=2|Poss=Yes|Variant=Short
Ps2ms-s	PRON	Gender=Masc|Number[psor]=Sing|Number=Sing|Person=2|Poss=Yes
Ps2---s	PRON	Number[psor]=Sing|Person=2|Poss=Yes
Ps3fp-s	PRON	Gender=Fem|Number[psor]=Sing|Number=Plur|Person=3|Poss=Yes
Ps3fsrs	PRON	Case=Acc,Nom|Gender=Fem|Number[psor]=Sing|Number=Sing|Person=3|Poss=Yes
Ps3mp-s	PRON	Gender=Masc|Number[psor]=Sing|Number=Plur|Person=3|Poss=Yes
Ps3ms-s	PRON	Gender=Masc|Number[psor]=Sing|Number=Sing|Person=3|Poss=Yes
Ps3---p	PRON	Number[psor]=Plur|Person=3|Poss=Yes
Ps3---s	PRON	Number[psor]=Sing|Person=3|Poss=Yes
Pw3fpr	PRON	Case=Acc,Nom|Gender=Fem|Number=Plur|Person=3|PronType=Int;Rel
Pw3fso	PRON	Case=Dat,Gen|Gender=Fem|Number=Sing|Person=3|PronType=Int;Rel
Pw3fsr	PRON	Case=Acc,Nom|Gender=Fem|Number=Sing|Person=3|PronType=Int;Rel
Pw3mpr	PRON	Case=Acc,Nom|Gender=Masc|Number=Plur|Person=3|PronType=Int;Rel
Pw3mso	PRON	Case=Dat,Gen|Gender=Masc|Number=Sing|Person=3|PronType=Int;Rel
Pw3msr	PRON	Case=Acc,Nom|Gender=Masc|Number=Sing|Person=3|PronType=Int;Rel
Pw3-po	PRON	Case=Dat,Gen|Number=Plur|Person=3|PronType=Int;Rel
Pw3--r	PRON	Case=Acc,Nom|Person=3|PronType=Int;Rel
Pw3-so	PRON	Case=Dat,Gen|Number=Sing|Person=3|PronType=Int;Rel
Px3--a--------s	PRON	Case=Acc|Person=3|Reflex=Yes|Strength=Strong
Px3--a--------w	PRON	Case=Acc|Person=3|Reflex=Yes|Strength=Weak
Px3--a--y-----w	PRON	Case=Acc|Person=3|Reflex=Yes|Strength=Weak|Variant=Short
Px3--d--------s	PRON	Case=Dat|Person=3|Reflex=Yes|Strength=Strong
Px3--d--------w	PRON	Case=Dat|Person=3|Reflex=Yes|Strength=Weak
Px3--d--y-----w	PRON	Case=Dat|Person=3|Reflex=Yes|Strength=Weak|Variant=Short
Pz3fpr	PRON	Case=Acc,Nom|Gender=Fem|Number=Plur|Person=3|PronType=Neg
Pz3fso	PRON	Case=Dat,Gen|Gender=Fem|Number=Sing|Person=3|PronType=Neg
Pz3fsr	PRON	Case=Acc,Nom|Gender=Fem|Number=Sing|Person=3|PronType=Neg
Pz3mpr	PRON	Case=Acc,Nom|Gender=Masc|Number=Plur|Person=3|PronType=Neg
Pz3mso	PRON	Case=Dat,Gen|Gender=Masc|Number=Sing|Person=3|PronType=Neg
Pz3msr	PRON	Case=Acc,Nom|Gender=Masc|Number=Sing|Person=3|PronType=Neg
Pz3-po	PRON	Case=Dat,Gen|Number=Plur|Person=3|PronType=Neg
Pz3-so	PRON	Case=Dat,Gen|Number=Sing|Person=3|PronType=Neg
Pz3-sr	PRON	Case=Acc,Nom|Number=Sing|Person=3|PronType=Neg
Qf	PART	
Qf-y	PART	Variant=Short
Qn	PART	PartType=Inf
Qn-y	PART	PartType=Inf|Variant=Short
Qs	PART	Mood=Sub
Qs-y	PART	Mood=Sub|Variant=Short
Qz	PART	Polarity=Neg
Qz-y	PART	Polarity=Neg|Variant=Short
Rc	ADV	
Rgc	ADV	Degree=Cmp
Rgp	ADV	Degree=Pos
Rgpy	ADV	Degree=Pos|Variant=Short
Rgs	ADV	Degree=Sup
Rp	ADV	
Rp-y	ADV	Variant=Short
Rw	ADV	PronType=Int,Rel
Rw-y	ADV	PronType=Int,Rel|Variant=Short
Rz	ADV	PronType=Neg
Spca	ADP	Case=Acc
Spcg	ADP	Case=Gen
Spsa	ADP	Case=Acc
Spsay	ADP	Case=Acc|Variant=Short
Spsd	ADP	Case=Dat
Spsg	ADP	Case=Gen
Spsgy	ADP	Case=Gen|Variant=Short
Tdfpr	DET	Case=Acc,Nom|Gender=Fem|Number=Plur|PronType=Dem
Tdfso	DET	Case=Dat,Gen|Gender=Fem|Number=Sing|PronType=Dem
Tdfsr	DET	Case=Acc,Nom|Gender=Fem|Number=Sing|PronType=Dem
Tdmpr	DET	Case=Acc,Nom|Gender=Masc|Number=Plur|PronType=Dem
Tdmso	DET	Case=Dat,Gen|Gender=Masc|Number=Sing|PronType=Dem
Tdmsr	DET	Case=Acc,Nom|Gender=Masc|Number=Sing|PronType=Dem
Td-po	DET	Case=Dat,Gen|Number=Plur|PronType=Dem
Tffpoy	DET	Case=Dat,Gen|Gender=Fem|Number=Plur|PronType=Art|Variant=Short
Tffpry	DET	Case=Acc,Nom|Gender=Fem|Number=Plur|PronType=Art|Variant=Short
Tffsoy	DET	Case=Dat,Gen|Gender=Fem|Number=Sing|PronType=Art|Variant=Short
Tffs-y	DET	Gender=Fem|Number=Sing|PronType=Art|Variant=Short
Tfmpoy	DET	Case=Dat,Gen|Gender=Masc|Number=Plur|PronType=Art|Variant=Short
Tfmpry	DET	Case=Acc,Nom|Gender=Masc|Number=Plur|PronType=Art|Variant=Short
Tfmsoy	DET	Case=Dat,Gen|Gender=Masc|Number=Sing|PronType=Art|Variant=Short
Tfmsry	DET	Case=Acc,Nom|Gender=Masc|Number=Sing|PronType=Art|Variant=Short
Tfms-y	DET	Gender=Masc|Number=Sing|PronType=Art|Variant=Short
Tf-so	DET	Case=Dat,Gen|Number=Sing|PronType=Art
Tf-s-y	DET	Number=Sing|PronType=Art|Variant=Short
Tifp-y	DET	Gender=Fem|Number=Plur|PronType=Ind|Variant=Short
Tifso	DET	Case=Dat,Gen|Gender=Fem|Number=Sing|PronType=Ind
Tifsoy	DET	Case=Dat,Gen|Gender=Fem|Number=Sing|PronType=Ind|Variant=Short
Tifsr	DET	Case=Acc,Nom|Gender=Fem|Number=Sing|PronType=Ind
Tifsry	DET	Case=Acc,Nom|Gender=Fem|Number=Sing|PronType=Ind|Variant=Short
Timp-y	DET	Gender=Masc|Number=Plur|PronType=Ind|Variant=Short
Timso	DET	Case=Dat,Gen|Gender=Masc|Number=Sing|PronType=Ind
Timsr	DET	Case=Acc,Nom|Gender=Masc|Number=Sing|PronType=Ind
Timsry	DET	Case=Acc,Nom|Gender=Masc|Number=Sing|PronType=Ind|Variant=Short
Ti-po	DET	Case=Dat,Gen|Number=Plur|PronType=Ind
Tsfp	DET	Gender=Fem|Number=Plur|Poss=Yes|PronType=Prs
Tsfs	DET	Gender=Fem|Number=Sing|Poss=Yes|PronType=Prs
Tsmp	DET	Gender=Masc|Number=Plur|Poss=Yes|PronType=Prs
Tsms	DET	Gender=Masc|Number=Sing|Poss=Yes|PronType=Prs
Ts-po	DET	Case=Dat,Gen|Number=Plur|Poss=Yes|PronType=Prs
Va--1	VERB	Person=1
Va--1p	VERB	Number=plur|Person=1
Va--1s	VERB	Number=sing|Person=1
Va--1s----y	VERB	Number=sing|Person=1|Variant=Short
Va--1-----y	VERB	Person=1|Variant=Short
Va--2p	VERB	Number=plur|Person=2
Va--2p----y	VERB	Number=plur|Person=2|Variant=Short
Va--2s	VERB	Number=sing|Person=2
Va--2s----y	VERB	Number=sing|Person=2|Variant=Short
Va--3	VERB	Person=3
Va--3p	VERB	Number=plur|Person=3
Va--3p----y	VERB	Number=plur|Person=3|Variant=Short
Va--3s	VERB	Number=sing|Person=3
Va--3s----y	VERB	Number=sing|Person=3|Variant=Short
Va--3-----y	VERB	Person=3|Variant=Short
Vag	VERB	VerbForm=Ger
Vag-------y	VERB	Variant=Short|VerbForm=Ger
Vaii1	VERB	Mood=Ind|Person=1|Tense=Imp|VerbForm=Fin
Vaii2p	VERB	Mood=Ind|Number=plur|Person=2|Tense=Imp|VerbForm=Fin
Vaii2s	VERB	Mood=Ind|Number=sing|Person=2|Tense=Imp|VerbForm=Fin
Vaii3p	VERB	Mood=Ind|Number=plur|Person=3|Tense=Imp|VerbForm=Fin
Vaii3s	VERB	Mood=Ind|Number=sing|Person=3|Tense=Imp|VerbForm=Fin
Vail1p	VERB	Mood=Ind|Number=plur|Person=1|Tense=Pqp|VerbForm=Fin
Vail1s	VERB	Mood=Ind|Number=sing|Person=1|Tense=Pqp|VerbForm=Fin
Vail2p	VERB	Mood=Ind|Number=plur|Person=2|Tense=Pqp|VerbForm=Fin
Vail2s	VERB	Mood=Ind|Number=sing|Person=2|Tense=Pqp|VerbForm=Fin
Vail3p	VERB	Mood=Ind|Number=plur|Person=3|Tense=Pqp|VerbForm=Fin
Vail3s	VERB	Mood=Ind|Number=sing|Person=3|Tense=Pqp|VerbForm=Fin
Vaip1p	VERB	Mood=Ind|Number=plur|Person=1|Tense=Present|VerbForm=Fin
Vaip1s	VERB	Mood=Ind|Number=sing|Person=1|Tense=Present|VerbForm=Fin
Vaip1s----y	VERB	Mood=Ind|Number=sing|Person=1|Tense=Present|Variant=Short|VerbForm=Fin
Vaip2p	VERB	Mood=Ind|Number=plur|Person=2|Tense=Present|VerbForm=Fin
Vaip2s	VERB	Mood=Ind|Number=sing|Person=2|Tense=Present|VerbForm=Fin
Vaip3p	VERB	Mood=Ind|Number=plur|Person=3|Tense=Present|VerbForm=Fin
Vaip3p----y	VERB	Mood=Ind|Number=plur|Person=3|Tense=Present|Variant=Short|VerbForm=Fin
Vaip3s	VERB	Mood=Ind|Number=sing|Person=3|Tense=Present|VerbForm=Fin
Vaip3s----y	VERB	Mood=Ind|Number=sing|Person=3|Tense=Present|Variant=Short|VerbForm=Fin
Vais1p	VERB	Mood=Ind|Number=plur|Person=1|Tense=Past|VerbForm=Fin
Vais1s	VERB	Mood=Ind|Number=sing|Person=1|Tense=Past|VerbForm=Fin
Vais2p	VERB	Mood=Ind|Number=plur|Person=2|Tense=Past|VerbForm=Fin
Vais2s	VERB	Mood=Ind|Number=sing|Person=2|Tense=Past|VerbForm=Fin
Vais3p	VERB	Mood=Ind|Number=plur|Person=3|Tense=Past|VerbForm=Fin
Vais3s	VERB	Mood=Ind|Number=sing|Person=3|Tense=Past|VerbForm=Fin
Vam-2p	VERB	Mood=Imp|Number=plur|Person=2|VerbForm=Fin
Vam-2s	VERB	Mood=Imp|Number=sing|Person=2|VerbForm=Fin
Vanp	VERB	Tense=Present|VerbForm=Inf
Vap--sm	VERB	Genderm=Masc|Number=sing|VerbForm=Part
Vap--sm---y	VERB	Genderm=Masc|Number=sing|Variant=Short|VerbForm=Part
Vasp1p	VERB	Mood=Sub|Number=plur|Person=1|Tense=Present|VerbForm=Fin
Vasp1s	VERB	Mood=Sub|Number=sing|Person=1|Tense=Present|VerbForm=Fin
Vasp2p	VERB	Mood=Sub|Number=plur|Person=2|Tense=Present|VerbForm=Fin
Vasp2s	VERB	Mood=Sub|Number=sing|Person=2|Tense=Present|VerbForm=Fin
Vasp3	VERB	Mood=Sub|Person=3|Tense=Present|VerbForm=Fin
Vmg	VERB	VerbForm=Ger
Vmg-------y	VERB	Variant=Short|VerbForm=Ger
Vmii1	VERB	Mood=Ind|Person=1|Tense=Imp|VerbForm=Fin
Vmii1p	VERB	Mood=Ind|Number=plur|Person=1|Tense=Imp|VerbForm=Fin
Vmii1-----y	VERB	Mood=Ind|Person=1|Tense=Imp|Variant=Short|VerbForm=Fin
Vmii2p	VERB	Mood=Ind|Number=plur|Person=2|Tense=Imp|VerbForm=Fin
Vmii2p----y	VERB	Mood=Ind|Number=plur|Person=2|Tense=Imp|Variant=Short|VerbForm=Fin
Vmii2s	VERB	Mood=Ind|Number=sing|Person=2|Tense=Imp|VerbForm=Fin
Vmii2s----y	VERB	Mood=Ind|Number=sing|Person=2|Tense=Imp|Variant=Short|VerbForm=Fin
Vmii3p	VERB	Mood=Ind|Number=plur|Person=3|Tense=Imp|VerbForm=Fin
Vmii3p----y	VERB	Mood=Ind|Number=plur|Person=3|Tense=Imp|Variant=Short|VerbForm=Fin
Vmii3s	VERB	Mood=Ind|Number=sing|Person=3|Tense=Imp|VerbForm=Fin
Vmii3s----y	VERB	Mood=Ind|Number=sing|Person=3|Tense=Imp|Variant=Short|VerbForm=Fin
Vmil1	VERB	Mood=Ind|Person=1|Tense=Pqp|VerbForm=Fin
Vmil1p	VERB	Mood=Ind|Number=plur|Person=1|Tense=Pqp|VerbForm=Fin
Vmil1p----y	VERB	Mood=Ind|Number=plur|Person=1|Tense=Pqp|Variant=Short|VerbForm=Fin
Vmil1s	VERB	Mood=Ind|Number=sing|Person=1|Tense=Pqp|VerbForm=Fin
Vmil1s----y	VERB	Mood=Ind|Number=sing|Person=1|Tense=Pqp|Variant=Short|VerbForm=Fin
Vmil2p	VERB	Mood=Ind|Number=plur|Person=2|Tense=Pqp|VerbForm=Fin
Vmil2p----y	VERB	Mood=Ind|Number=plur|Person=2|Tense=Pqp|Variant=Short|VerbForm=Fin
Vmil2s	VERB	Mood=Ind|Number=sing|Person=2|Tense=Pqp|VerbForm=Fin
Vmil2s----y	VERB	Mood=Ind|Number=sing|Person=2|Tense=Pqp|Variant=Short|VerbForm=Fin
Vmil3p	VERB	Mood=Ind|Number=plur|Person=3|Tense=Pqp|VerbForm=Fin
Vmil3p----y	VERB	Mood=Ind|Number=plur|Person=3|Tense=Pqp|Variant=Short|VerbForm=Fin
Vmil3s	VERB	Mood=Ind|Number=sing|Person=3|Tense=Pqp|VerbForm=Fin
Vmil3s----y	VERB	Mood=Ind|Number=sing|Person=3|Tense=Pqp|Variant=Short|VerbForm=Fin
Vmip1p	VERB	Mood=Ind|Number=plur|Person=1|Tense=Present|VerbForm=Fin
Vmip1p----y	VERB	Mood=Ind|Number=plur|Person=1|Tense=Present|Variant=Short|VerbForm=Fin
Vmip1s	VERB	Mood=Ind|Number=sing|Person=1|Tense=Present|VerbForm=Fin
Vmip1s----y	VERB	Mood=Ind|Number=sing|Person=1|Tense=Present|Variant=Short|VerbForm=Fin
Vmip2p	VERB	Mood=Ind|Number=plur|Person=2|Tense=Present|VerbForm=Fin
Vmip2p----y	VERB	Mood=Ind|Number=plur|Person=2|Tense=Present|Variant=Short|VerbForm=Fin
Vmip2s	VERB	Mood=Ind|Number=sing|Person=2|Tense=Present|VerbForm=Fin
Vmip2s----y	VERB	Mood=Ind|Number=sing|Person=2|Tense=Present|Variant=Short|VerbForm=Fin
Vmip3	VERB	Mood=Ind|Person=3|Tense=Present|VerbForm=Fin
Vmip3p	VERB	Mood=Ind|Number=plur|Person=3|Tense=Present|VerbForm=Fin
Vmip3p----y	VERB	Mood=Ind|Number=plur|Person=3|Tense=Present|Variant=Short|VerbForm=Fin
Vmip3s	VERB	Mood=Ind|Number=sing|Person=3|Tense=Present|VerbForm=Fin
Vmip3s----y	VERB	Mood=Ind|Number=sing|Person=3|Tense=Present|Variant=Short|VerbForm=Fin
Vmip3-----y	VERB	Mood=Ind|Person=3|Tense=Present|Variant=Short|VerbForm=Fin
Vmis1p	VERB	Mood=Ind|Number=plur|Person=1|Tense=Past|VerbForm=Fin
Vmis1p----y	VERB	Mood=Ind|Number=plur|Person=1|Tense=Past|Variant=Short|VerbForm=Fin
Vmis1s	VERB	Mood=Ind|Number=sing|Person=1|Tense=Past|VerbForm=Fin
Vmis1s----y	VERB	Mood=Ind|Number=sing|Person=1|Tense=Past|Variant=Short|VerbForm=Fin
Vmis2p	VERB	Mood=Ind|Number=plur|Person=2|Tense=Past|VerbForm=Fin
Vmis2p----y	VERB	Mood=Ind|Number=plur|Person=2|Tense=Past|Variant=Short|VerbForm=Fin
Vmis2s	VERB	Mood=Ind|Number=sing|Person=2|Tense=Past|VerbForm=Fin
Vmis2s----y	VERB	Mood=Ind|Number=sing|Person=2|Tense=Past|Variant=Short|VerbForm=Fin
Vmis3p	VERB	Mood=Ind|Number=plur|Person=3|Tense=Past|VerbForm=Fin
Vmis3p----y	VERB	Mood=Ind|Number=plur|Person=3|Tense=Past|Variant=Short|VerbForm=Fin
Vmis3s	VERB	Mood=Ind|Number=sing|Person=3|Tense=Past|VerbForm=Fin
Vmis3s----y	VERB	Mood=Ind|Number=sing|Person=3|Tense=Past|Variant=Short|VerbForm=Fin
Vmm-2p	VERB	Mood=Imp|Number=plur|Person=2|VerbForm=Fin
Vmm-2p----y	VERB	Mood=Imp|Number=plur|Person=2|Variant=Short|VerbForm=Fin
Vmm-2s	VERB	Mood=Imp|Number=sing|Person=2|VerbForm=Fin
Vmm-2s----y	VERB	Mood=Imp|Number=sing|Person=2|Variant=Short|VerbForm=Fin
Vmnp	VERB	Tense=Present|VerbForm=Inf
Vmnp------y	VERB	Tense=Present|Variant=Short|VerbForm=Inf
Vmp--pf	VERB	Gende=Fem|Number=plur|VerbForm=Part
Vmp--pm	VERB	Genderm=Masc|Number=plur|VerbForm=Part
Vmp--sf	VERB	Gende=Fem|Number=sing|VerbForm=Part
Vmp--sm	VERB	Genderm=Masc|Number=sing|VerbForm=Part
Vmp--sm---y	VERB	Genderm=Masc|Number=sing|Variant=Short|VerbForm=Part
Vmsp1p	VERB	Mood=Sub|Number=plur|Person=1|Tense=Present|VerbForm=Fin
Vmsp1s	VERB	Mood=Sub|Number=sing|Person=1|Tense=Present|VerbForm=Fin
Vmsp2p	VERB	Mood=Sub|Number=plur|Person=2|Tense=Present|VerbForm=Fin
Vmsp2s	VERB	Mood=Sub|Number=sing|Person=2|Tense=Present|VerbForm=Fin
Vmsp3	VERB	Mood=Sub|Person=3|Tense=Present|VerbForm=Fin
Vmsp3s----y	VERB	Mood=Sub|Number=sing|Person=3|Tense=Present|Variant=Short|VerbForm=Fin
Vmsp3-----y	VERB	Mood=Sub|Person=3|Tense=Present|Variant=Short|VerbForm=Fin
Y		Abbr=Yes
Ya	ADJ	Abbr=Yes
Yn	NOUN	Abbr=Yes
Ynfpvy	NOUN	Abbr=Yes|Case=Voc|Definite=Def|Gender=Fem|Number=Plur
Ynfpry	NOUN	Abbr=Yes|Case=Acc,Nom|Definite=Def|Gender=Fem|Number=Plur
Ynfsoy	NOUN	Abbr=Yes|Case=Dat,Gen|Definite=Def|Gender=Fem|Number=Sing
Ynfsry	NOUN	Abbr=Yes|Case=Acc,Nom|Definite=Def|Gender=Fem|Number=Sing
Ynmpoy	NOUN	Abbr=Yes|Case=Dat,Gen|Definite=Def|Gender=Masc|Number=Plur
Ynmpry	NOUN	Abbr=Yes|Case=Acc,Nom|Definite=Def|Gender=Masc|Number=Plur
Ynmpvy	NOUN	Abbr=Yes|Case=Voc|Definite=Def|Gender=Masc|Number=Plur
Ynmsoy	NOUN	Abbr=Yes|Case=Dat,Gen|Definite=Def|Gender=Masc|Number=Sing
Ynmsry	NOUN	Abbr=Yes|Case=Acc,Nom|Definite=Def|Gender=Masc|Number=Sing
Ynmsvy	NOUN	Abbr=Yes|Case=Voc|Definite=Def|Gender=Masc|Number=Sing
Yp	PRON	Abbr=Yes
Ypfs	PRON	Abbr=Yes|Gender=Fem|Number=Sing
Ypms	PRON	Abbr=Yes|Gender=Masc|Number=Sing
Yp-p	PRON	Abbr=Yes|Number=Plur
Yp-so	PRON	Abbr=Yes|Case=Dat,Gen|Number=Sing
Yp-sr	PRON	Abbr=Yes|Case=Acc,Nom|Number=Sing
Yr	ADV	Abbr=Yes
Yv	VERB	Abbr=Yes